"category","SYMBOL","n_promoter_dmrs","mean_logFC","log2FoldChange","padj"
"Hypermethylated_Downregulated","HOXB4",1,7.09198393152765,-1.7188659119054,0.000157940290614914
"Hypermethylated_Downregulated","LINC00910",1,6.83106576255146,-1.85472924667156,1.02306099302749e-09
"Hypermethylated_Downregulated","ST6GALNAC2",1,6.78968587027538,-1.27152341436197,2.55154382226231e-10
"Hypermethylated_Downregulated","IRS1",1,6.60922140254366,-2.68877871125526,1.79414524246784e-111
"Hypermethylated_Downregulated","CNR1",1,6.51931231963249,-2.7185090584044,1.95419458468071e-106
"Hypermethylated_Downregulated","FANCI",1,6.48065213860708,-1.08441166792919,8.72586332276331e-14
"Hypermethylated_Downregulated","CLDN18",1,6.46037376196203,-1.73808162559153,9.81306186186905e-10
"Hypermethylated_Downregulated","VXN",1,6.45965582293024,-2.94028816769291,3.14466120697325e-06
"Hypermethylated_Downregulated","CEP295NL",2,6.40907818739136,-1.88401855166831,3.32798435442596e-14
"Hypermethylated_Downregulated","GSTP1",1,6.40658374968042,-1.94230762638385,5.97305619023728e-26
"Hypermethylated_Downregulated","CASC3",3,6.38403694106795,-1.03885216824745,2.35379868232045e-16
"Hypermethylated_Downregulated","ESRRG",1,6.35091400551393,-1.39707608244521,3.33701043895209e-10
"Hypermethylated_Downregulated","MACROH2A2",1,6.35062483735505,-1.21735624297763,4.21058999003783e-05
"Hypermethylated_Downregulated","PDXK",2,6.34385527983895,-1.1858042499034,4.02084603847132e-21
"Hypermethylated_Downregulated","ZBTB20-AS1",2,6.33242421207391,-2.17425125731877,2.88081641241799e-37
"Hypermethylated_Downregulated","IVD",1,6.29222933906571,-1.35425036159315,1.81830297727467e-21
"Hypermethylated_Downregulated","NCOR2",1,6.28820153342879,-1.26221231878258,5.43508080432306e-16
"Hypermethylated_Downregulated","DBF4B",2,6.2747436357324,-2.00361769484927,1.23774345579713e-33
"Hypermethylated_Downregulated","PPIH",1,6.24372966641691,-1.11586864192489,6.3231749277178e-08
"Hypermethylated_Downregulated","NCAPG2",1,6.23194830339589,-2.11572688373204,1.35448574166545e-44
"Hypermethylated_Downregulated","MPP3",1,6.23192912832498,-1.19586412006836,3.11640964606252e-09
"Hypermethylated_Downregulated","MYO1C",1,6.23189077894543,-1.16664201750833,7.04480843112007e-21
"Hypermethylated_Downregulated","MROH1",2,6.22313156692734,-1.25974644105498,3.12124166639654e-23
"Hypermethylated_Downregulated","PHF19",1,6.19925365928142,-2.58463836238456,1.82552461192494e-68
"Hypermethylated_Downregulated","P4HA2",1,6.18711893523022,-1.97605937628974,1.97282364754488e-45
"Hypermethylated_Downregulated","C1orf159",1,6.16862210026361,-1.40487735663505,1.23760113606444e-09
"Hypermethylated_Downregulated","MAN1B1",2,6.13587467614816,-1.06137303047088,1.05761954857506e-13
"Hypermethylated_Downregulated","SSTR1",1,6.10618990266838,-1.60240645046295,0.00179134179093024
"Hypermethylated_Downregulated","BCOR",1,6.10252873450633,-1.78864380210564,3.76967342693109e-38
"Hypermethylated_Downregulated","LOC112268198",1,6.09017781731214,-1.78144903382314,2.56836315881826e-13
"Hypermethylated_Downregulated","ARHGAP22",1,6.0333242432037,-2.08027428642202,3.20865291127448e-34
"Hypermethylated_Downregulated","DST",1,6.03317827064483,-1.28647351697666,6.53229112711348e-25
"Hypermethylated_Downregulated","PRMT2",1,6.03317827064483,-1.3681849562251,9.2087439507972e-22
"Hypermethylated_Downregulated","TFDP1",1,6.03317827064483,-1.03012386969603,8.31427921815656e-12
"Hypermethylated_Downregulated","VAPB",1,6.03312073550978,-1.39989295498348,8.9604284483418e-32
"Hypermethylated_Downregulated","PLCL2",1,6.01189051008961,-1.114037735627,3.27530669231201e-09
"Hypermethylated_Downregulated","GSDMD",2,5.9929659105634,-1.07706539295703,3.74713010467095e-12
"Hypermethylated_Downregulated","LINC00467",1,5.98969011527807,-1.04641383688211,8.89812164848553e-06
"Hypermethylated_Downregulated","MLLT6",2,5.98805077628129,-1.90299682515543,1.5295933030901e-57
"Hypermethylated_Downregulated","CXXC5",2,5.98069923582472,-2.42312921777421,1.00505982161019e-57
"Hypermethylated_Downregulated","AURKB",2,5.97934967392795,-3.50319492491917,5.29238464383237e-66
"Hypermethylated_Downregulated","NDRG1",3,5.97710707480487,-2.565119434629,1.41356880129664e-107
"Hypermethylated_Downregulated","IER5L",1,5.96425854173861,-1.05223994753338,4.60842085702e-11
"Hypermethylated_Downregulated","SFPQ",1,5.9642575761147,-1.09805954060675,2.43637346725048e-21
"Hypermethylated_Downregulated","IFFO2",1,5.96032613030607,-2.90399545547578,6.10279410132595e-107
"Hypermethylated_Downregulated","SIRT3",1,5.96032613030607,-1.60480845277879,3.68700131553966e-16
"Hypermethylated_Downregulated","KANK1",1,5.96030695057071,-1.19096095045246,2.01911840593086e-22
"Hypermethylated_Downregulated","PLXNA2",1,5.9602877710897,-1.07882644635613,3.44358010527979e-15
"Hypermethylated_Downregulated","CCDC180",1,5.94308432235564,-1.04800919713224,0.00758155214606982
"Hypermethylated_Downregulated","EHD1",2,5.94077042694606,-1.1718127564713,7.16393210240648e-19
"Hypermethylated_Upregulated","GJD3",1,6.6573545642629,5.53608357420326,2.17994144251659e-19
"Hypermethylated_Upregulated","KRT12",1,6.40658374968042,1.63251061279822,0.00206774539493462
"Hypermethylated_Upregulated","SLC39A11",1,6.23190995350817,1.27829772086096,6.78516147019099e-19
"Hypermethylated_Upregulated","MDGA1",1,6.23189077894543,3.05845634565296,3.84999208589004e-115
"Hypermethylated_Upregulated","TMPRSS2",2,6.2310649570911,3.66771128010184,2.00708556310803e-27
"Hypermethylated_Upregulated","MPP2",1,6.22276284858787,1.22042800494422,1.04123564234881e-12
"Hypermethylated_Upregulated","LINC00659",1,6.16866045184777,4.69854156954735,7.51197156193138e-05
"Hypermethylated_Upregulated","RNF157-AS1",1,6.16866045184777,1.01286471706787,0.0415237871323788
"Hypermethylated_Upregulated","CERS4",1,6.16864127592862,3.46975701959325,2.25255313605944e-117
"Hypermethylated_Upregulated","DYNC1I1",1,6.16864127592862,1.71488998666399,2.80583963339875e-29
"Hypermethylated_Upregulated","TESMIN",1,6.1158617914673,2.33224485142912,0.0172568248479986
"Hypermethylated_Upregulated","LINC02999",1,6.10249037970055,3.8638495639287,0.00284912722828745
"Hypermethylated_Upregulated","CNGA1",1,6.09962636653765,3.78009990436212,2.83151789127058e-09
"Hypermethylated_Upregulated","WNK2",1,6.09017653531445,2.83209962427754,6.01168196135145e-16
"Hypermethylated_Upregulated","SRCIN1",2,6.07451124759269,2.65462994587332,5.29625387531149e-27
"Hypermethylated_Upregulated","EVL",2,6.06164433660038,1.10920372118097,1.44797275674769e-13
"Hypermethylated_Upregulated","ATP8B1",1,6.03332115854508,1.45521528395998,3.8526967462993e-18
"Hypermethylated_Upregulated","MMP15",1,6.0331590920122,1.29419396930967,4.673802860689e-12
"Hypermethylated_Upregulated","PAX8",1,6.0331590920122,2.3785410021799,3.16535880757022e-33
"Hypermethylated_Upregulated","LOC124901789",2,6.02614927715088,2.50934438030035,0.000855690580649822
"Hypermethylated_Upregulated","RAB17",2,5.99302588351448,2.00762246711543,6.12903602685024e-11
"Hypermethylated_Upregulated","FGD6",1,5.9757129955265,1.31356760684438,8.13770056541443e-14
"Hypermethylated_Upregulated","HAUS6",1,5.96425846807722,2.30278659689958,1.69864019799381e-50
"Hypermethylated_Upregulated","SATB2-AS1",1,5.96425814036047,1.15767036896973,0.0154553150039744
"Hypermethylated_Upregulated","UCHL3",1,5.96034531029577,1.40377705474796,0.0010130131628831
"Hypermethylated_Upregulated","ADAP1",1,5.96032613030607,1.54617421698074,5.89421980577341e-06
"Hypermethylated_Upregulated","EGR1",1,5.96032613030607,1.75304718760078,6.60273438634658e-33
"Hypermethylated_Upregulated","LINC01198",1,5.96032613030607,4.24661279650052,2.21028691799109e-14
"Hypermethylated_Upregulated","EPS8L1",1,5.96030695057071,1.75914225225435,8.47418231271316e-10
"Hypermethylated_Upregulated","FOXD2-AS1",1,5.96030695057071,1.24556393740149,2.52798795192214e-09
"Hypermethylated_Upregulated","ZNF624",1,5.96030695057071,1.53211430791375,4.60650667762984e-18
"Hypermethylated_Upregulated","IGFBP4",2,5.95837941860016,2.74783466699248,5.20414474887886e-73
"Hypermethylated_Upregulated","TLE2",1,5.95539123234164,2.83559056267726,5.06473144568445e-05
"Hypermethylated_Upregulated","FIBCD1",3,5.9320099243918,1.88216467884565,1.51131592866622e-20
"Hypermethylated_Upregulated","LOC101929691",2,5.93133374782951,1.32074811388676,0.0202267011292103
"Hypermethylated_Upregulated","RFLNB",1,5.92860312596465,2.75243212075212,8.13891715046015e-06
"Hypermethylated_Upregulated","NUDT1",1,5.8933762141082,1.56558962978586,9.28668565027953e-12
"Hypermethylated_Upregulated","KLHL12",2,5.8870880824623,1.05367162126963,3.77338672725381e-11
"Hypermethylated_Upregulated","CCDC8",1,5.8836381076277,2.58374178473206,0.00736382347409522
"Hypermethylated_Upregulated","CNN1",1,5.8836381076277,4.64473017257605,1.12753736807278e-17
"Hypermethylated_Upregulated","OR5C1",1,5.8836381076277,2.16343580135665,0.00286929862635835
"Hypermethylated_Upregulated","PACSIN1",1,5.8836381076277,2.2300095324759,0.000294502446261577
"Hypermethylated_Upregulated","TAL1",1,5.8836381076277,7.358265530551,2.06016457727731e-08
"Hypermethylated_Upregulated","F2R",1,5.8836189262807,1.21124812889414,7.76974660380105e-12
"Hypermethylated_Upregulated","ZNF572",1,5.8836189262807,1.48410793557641,5.30752917409541e-05
"Hypermethylated_Upregulated","SLC2A8",1,5.88359974518812,1.16521590110041,2.06774539384489e-12
"Hypermethylated_Upregulated","DDX59",1,5.88358056434996,1.38617794128592,8.89966444769159e-14
"Hypermethylated_Upregulated","ELOC",1,5.88358056434996,1.09227263666862,4.03287312161533e-08
"Hypermethylated_Upregulated","PPL",1,5.88358056434996,1.89587822232344,1.28169333659814e-27
"Hypermethylated_Upregulated","ZNF555",1,5.88358056434996,1.93920372747752,2.13903119016282e-43
"Hypomethylated_Downregulated","AASDHPPT",1,-6.0045660533909,-1.57488689410613,3.12088213842681e-18
"Hypomethylated_Downregulated","LINC01303",1,-3.80233819866617,-1.11915081849139,0.000686709656523295
"Hypomethylated_Downregulated","ARHGAP5",1,-3.66728091416664,-1.91255670890039,3.64074333620594e-56
"Hypomethylated_Downregulated","SGCE",1,-3.66728064016271,-1.10240965939499,5.23384558460998e-14
"Hypomethylated_Downregulated","PAWR",1,-3.51858250752849,-1.60793832347307,1.08396556854276e-30
"Hypomethylated_Downregulated","NPAS3",1,-3.51826140935855,-2.81886389341653,1.63477477080869e-83
"Hypomethylated_Downregulated","FRMD6",1,-3.32673467934071,-1.29859750834508,9.34249227229307e-18
"Hypomethylated_Downregulated","FOXP1",1,-3.16612334855015,-1.27265872282597,3.32769299514742e-19
"Hypomethylated_Downregulated","SYNE1",1,-3.1075554124972,-1.80239523803036,6.05999344368213e-52
"Hypomethylated_Downregulated","GFRA1",1,-2.90605902108087,-1.83995035343645,2.5263988555114e-47
"Hypomethylated_Downregulated","A2M",1,-2.70528986212672,-4.14040985325567,8.65591692794545e-104
"Hypomethylated_Downregulated","AKAP9",1,-2.56145333867043,-1.44734209796719,4.49714659993122e-29
"Hypomethylated_Downregulated","RABIF",1,-2.52526306165342,-1.48480304024172,2.25310323846127e-09
"Hypomethylated_Downregulated","CCDC7",1,-2.52524413749338,-2.09185621231437,5.08352845596003e-15
"Hypomethylated_Downregulated","PI15",2,-2.50991765225806,-5.02825208694987,2.88158215354081e-156
"Hypomethylated_Downregulated","MANSC1",1,-2.38578808617537,-1.01245097030824,3.52817782019768e-10
"Hypomethylated_Downregulated","FBXO38",1,-1.91533665537094,-1.86707307590934,1.9944631452416e-44
"Hypomethylated_Downregulated","PIK3C2B",1,-1.87585793233817,-1.29449235441747,2.67561367913216e-13
"Hypomethylated_Downregulated","NDUFA5",1,-1.684404745052,-1.3855479795696,5.94345156628906e-12
"Hypomethylated_Downregulated","SERPINE2",1,-1.48935768187327,-2.17493912675181,1.00910795160783e-42
"Hypomethylated_Downregulated","TPD52",1,-1.24586572981774,-1.16323520072547,9.11677425112353e-12
"Hypomethylated_Downregulated","LNX1",1,-1.08280582089277,-2.22233073459876,5.67219112630179e-15
"Hypomethylated_Downregulated","ZEB2",4,-0.296484846631572,-2.18872301651853,7.80636187538887e-73
"Hypomethylated_Upregulated","SLC26A4",1,-2.90607794685637,1.48029810047297,0.000742221994352235
"Hypomethylated_Upregulated","LINC02544",1,-2.45548489702394,3.2807588326439,1.30065936519451e-09
"Hypomethylated_Upregulated","C1QTNF7-AS1",1,-2.40270538272313,1.50498166850028,9.26482548081922e-06
"Hypomethylated_Upregulated","ZCCHC2",1,-2.2353105782168,1.83234618818768,5.6464432625879e-46
